"<ID|readonly|noverify>";"<English>";"<French>";"<Italian>";"<German>";"<Spanish>";"<Russian>";"<Polish>";"<Czech>";"<Turkish>";"<Chinese>";"<Japanese>";"<Portuguese>";"<Ukrainian>";"<Serbian>";"<Hungarian>";"<Korean>";"<Belarusian>";"<Romanian>";"<TChinese>";"<HChinese>";"<Vietnamese>";"<Comments>";"<max_chars>"
"location/guadalcanal";"Guadalcanal";"Guadalcanal";"Guadalcanal";"Guadalcanal";"Guadalcanal";"Гуадалканал";"Guadalcanal";"Guadalcanal";"Guadalcanal";"瓜\t达\t尔\t卡\t纳\t尔\t岛";"ガダルカナル\t島";"Guadalcanal";"Гуадалканал";"Gvadalkanal";"Guadalcanal";"과달카날";"Гуадалканал";"Guadalcanal";"瓜\t達\t爾\t卡\t納\t爾\t島";"热\t带\t岛\t屿";"Guadalcanal";;
"location/wake_island";"Wake Island";"Atoll de Wake";"Isola di Wake";"Wake Island";"Isla Wake";"Остров Уэйк";"Wyspa Wake";"ostrov Wake";"Wake Adası";"威\t克\t岛";"ウェーク\t島";"Ilha Wake";"Острів Вейк";"Ostrvo Vejk";"Wake-sziget";"웨이크 섬";"Востраў Уэйк";"Insula Wake";"威\t克\t島";"大\t洋\t孤\t岛";"Đảo Wake";;
"location/midway";"Midway";"Midway";"Isole Midway";"Midway";"Midway";"Мидуэй";"Midway";"Midway";"Midway";"中\t途\t岛";"ミッドウェイ";"Midway";"Мідвей";"Midvej";"Midway-szigetek";"미드웨이";"Мідуэй";"Midway";"中\t途\t島";"环\t礁";"Midway";;
"location/malta";"Malta";"Malte";"Malta";"Malta";"Malta";"Мальта";"Malta";"Malta";"Malta";"马\t耳\t他";"マルタ\t島";"Malta";"Мальта";"Malta";"Málta";"몰타";"Мальта";"Malta";"馬\t爾\t它";"马\t耳\t他";"Malta";;
"location/water_midway";"Midway";"Midway";"A largo delle Midway";"Midway";"Midway";"Мидуэй";"Midway";"Midway";"Midway";"中\t途\t岛";"ミッドウェイ";"Midway";"Мідвей";"Midvej";"Midway-szigetek";"미드웨이";"Мідуэй";"Midway";"中\t途\t島";"环\t礁";"Midway";;
"location/water_coral";"Coral Sea";"Mer de Corail";"Mar dei Coralli";"Korallenmeer";"Mar del Coral";"Коралловое море";"Morze Koralowe";"Korálové moře";"Mercan Denizi";"珊\t瑚\t海";"珊瑚海";"Mar de coral";"Коралове море";"Koralno More";"Korall-tenger";"산호해";"Каралавае мора";"Marea Coralilor";"珊\t瑚\t海";"珊\t瑚\t海";"Biển Coral";;
"location/water_guadalcanal";"Guadalcanal";"Guadalcanal";"A largo di Guadalcanal";"Guadalcanal";"Guadalcanal";"Гуадалканал";"Guadalcanal";"Guadalcanal";"Guadal Kanal";"瓜\t达\t尔\t卡\t纳\t尔\t岛";"ガダルカナル";"Guadalcanal";"Гуадалканал";"Gvadalkanal";"Guadalcanal";"과달카날";"Гуадалканал";"Guadalcanal";"瓜\t達\t爾\t卡\t納\t爾\t島";"热\t带\t岛\t屿";"Guadalcanal";;
"location/honolulu";"Oahu";"Oahu";"Oahu";"Oahu";"Oahu";"Оаху";"Oahu";"Oahu";"Oahu";"瓦\t胡\t岛";"オアフ\t島";"Oahu";"Оаху";"Oahu";"Oahu";"오아후";"Ааху";"Oahu";"瓦\t胡\t島";"海\t军\t基\t地";"Oahu";;
"location/britain";"Britain";"Grande-Bretagne";"Gran Bretagna";"Großbritannien";"Gran Bretaña";"Британия";"Anglia";"Británie";"Britanya";"不\t列\t颠";"イギリス";"Grã-Bretanha";"Британія";"Britanija";"Nagy-Britannia";"영국";"Англія";"Britania";"不\t列\t顛";"不\t列\t颠";"Anh";;
"location/sicily";"Sicily";"Sicile";"Sicilia";"Sizilien";"Sicilia";"Сицилия";"Sycylia";"Sicílie";"Sicilya";"西\t西\t里";"シチリア\t島";"Sicília";"Сицилія";"Sicilija";"Szicília";"시칠리아";"Сіцылія";"Sicilia";"西\t西\t里";"西\t西\t里";"Sicily";;
"location/berlin";"Berlin";"Berlin";"Berlino";"Berlin";"Berlín";"Берлин";"Berlin";"Berlín";"Berlin";"柏\t林";"ベルリン";"Berlim";"Берлін";"Berlin";"Berlin";"베를린";"Берлін";"Berlin";"柏\t林";"心\t脏\t地\t带";"Berlin";;
"location/bulge";"Bulge";"Ardennes";"Ardenne";"Ardennen";"Ardenas";"Арденны";"Ardeny";"Ardeny";"Bulge";"突\t出\t部";"バルジ";"Ardenas";"Арденни";"Ardeni";"Ardennek";"벌지";"Ардэны";"Ardeni";"突\t出\t部";"突\t出\t部";"Bulge";;
"location/korsun";"Korsun";"Korsun";"Korsun";"Korsun";"Korsun";"Корсунь";"Korsuń";"Korsuň";"Korsun";"科\t尔\t孙";"コルスン";"Korsun";"Корсунь";"Korsun";"Korszuny";"코르순";"Корсунь";"Korsun";"科\t爾\t松";"科\t尔\t孙";"Korsun";;
"location/stalingrad";"Stalingrad";"Stalingrad";"Stalingrado";"Stalingrad";"Stalingrado";"Сталинград";"Stalingrad";"Stalingrad";"Stalingrad";"斯\t大\t林\t格\t勒";"スターリングラード";"Estalinegrado";"Сталінград";"Staljingrad";"Sztálingrád";"스탈린그라드";"Сталінград";"Stalingrad";"史\t達\t林\t格\t勒";"冬\t将\t军";"Stalingrad";;
"location/stalingrad_w";"Winter Stalingrad";"Stalingrad en Hiver";"Stalingrado (inverno)";"Stalingrad (Winter)";"Invierno en Stalingrado";"Зимний Сталинград";"Stalingrad, Zima";"Stalingrad v zimě";"Stalingrad Kışı";"斯\t大\t林\t格\t勒 • 冬\t季";"冬の\tスターリングラード";"Estalinegrado, Inverno";"Зимовий Сталінград";"Staljingrad zimi";"Sztálingrád (tél)";"스탈린그라드, 겨울";"Зімовы Сталінград";"Stalingrad (iarna)";"史\t達\t林\t格\t勒 • 冬\t季";"冬\t将\t军";"Mùa đông Stalingrad";;
"location/krymsk";"Kuban";"Kuban";"Kuban";"Kuban";"Kubán";"Кубань";"Kubań";"Kubáň";"Kuban";"库\t班";"クバン";"Kuban";"Кубань";"Kubanj";"Kubán";"쿠반";"Кубань";"Kuban";"庫\t班";"东\t线\t丘\t陵";"Kuban";;
"location/port_moresby";"Port Moresby";"Port Moresby";"Porto di Moresby";"Port Moresby";"Puerto Moresby";"Порт-Морсби";"Port Moresby";"Port Moresby";"Port Moresby";"莫\t尔\t兹\t比\t港";"ポートモレスビー";"Port Moresby";"Порт-Морсбі";"Port Morsbi";"Port Moresby";"포트 모르즈비";"Порт-Морсбі";"Port Moresby";"摩\t爾\t斯\t貝\t港";"莫\t港";"Cảng Moresby";;
"location/ruhr";"Ruhr";"Ruhr";"Ruhr";"Ruhrgebiet";"Ruhr";"Рур";"Zagłębie Ruhry";"Porúří";"Ruhr";"鲁\t尔";"ルールの\t戦い";"Ruhr";"Рур";"Rur";"Ruhr-vidék";"루어";"Рур";"Ruhr";"魯\t爾";"鲁\t尔";"Ruhr";;
"location/water_east_china_sea";"East China Sea";"Est de la mer de Chine";"Mar Cinese orientale";"Ostchinesisches Meer";"Mar de China oriental";"Восточно-Китайское море";"Morze Wschodniochińskie";"Východočínské moře";"Doğu Çin Denizi";"中\t国\t东\t海";"東\tシナ\t海";"Mar da China Oriental";"Східнокитайське море";"Istočno Kinesko More";"Kelet-kínai-tenger";"동중국해";"Усходне-Кітайскае мора";"Marea Chinei de Est";"中\t國\t東\t海";"东\t部\t海\t域";"Biển Đông Trung Quốc";;
"location/water";"Pacific Ocean";"Océan Pacifique";"Oceano Pacifico";"Pazifischer Ozean";"Océano Pacífico";"Тихий океан";"Ocean Spokojny";"Tichý oceán";"Pasifik Okyanusu";"太\t平\t洋";"太平洋";"Oceano Pacífico";"Тихий океан";"Tihi Okean";"Csendes-óceán";"태평양";"Ціхі акіян";"Oceanul Pacific";"太\t平\t洋";"太\t平\t洋";"Thái Bình Dương";;
"location/peleliu";"Peleliu";"Peleliu";"Peleliu";"Peleliu";"Peleliu";"Пелелиу";"Peleliu";"Peleliu";"Peleliu";"贝\t里\t琉\t岛";"ペレリウ";"Peleliu";"Пелеліу";"Peleilu";"Peleliu";"펠렐리우";"Пелéліу";"Peleliu";"貝\t里\t琉\t島";"岛\t屿\t争\t夺";"Peleliu";;
"location/arcade_africa_canyon";"Canyon, Africa";"Canyon, Afrique";"Canyon, Africa";"Canyon, Afrika";"Cañones de África";"Каньон, Африка";"Kanion, Afryka";"Kaňon, Afrika";"Kanyon, Afrika";"非\t洲\t峡\t谷";"アフリカキャニオン";"Desfiladeiros, África";"Каньйон, Африка";"Kanjon, Afrika";"Afrikai kanyon";"아프리카 협곡";"Каньён, Афрыка";"Canion, Africa";"非\t洲\t峽\t谷";"狂\t野\t峡\t谷";"Canyon, Africa";;
"location/arcade_asia_4roads";"Mountain Ridge, China";"Crête de montagne, Chine";"Catena montuosa, Cina";"Bergkette, China";"Cadena montañosa, China";"Горный кряж, Китай";"Pasmo Górskie, Chiny";"Horský hřeben, Čína";"Dağ Sırtı, Çin";"雅\t鲁\t藏\t布\t大\t峡\t谷";"山脈・\t中国";"Cume da montanha, China";"Гірний кряж, Китай";"Planinski Greben, Kina";"Kínai hegyvidék";"산기슭, 중국";"Горны хрыбет, Кітай";"Muntele Ridge, China";"雅\t魯\t藏\t布\t大\t峽\t谷";"高\t原\t河\t谷";"Núi Ridge, Trung Quốc";;
"location/arcade_phiphi_crater";"African Island, Crater";"Île africaine, Cratère";"Isola Phi Phi, Cratere";"Afrikanische Insel, Krater";"Isla africana, Cráter";"Африканский остров, кратер";"Afrykańska Wyspa, Krater";"Africký ostrov, kráter";"Krater - Afrika Adası";"披\t披\t群\t岛 • 火\t山\t湖";"アフリカの\t島・クレーター";"Ilha Africana, Cratera";"Африканський острів, Кратер";"Afričko Ostrvo, Krater";"Afrikai szigetcsoport (kráter)";"크레이터, 아프리카의 섬";"Афрыканскі востраў, кратар";"Insula Phi Phi, Crater";"披\t披\t群\t島 • 火\t山\t湖";"火\t山\t湖";"Hòn đảo Châu Phi, Hố núi lửa";;
"location/arcade_phiphi_island";"African Island";"Île africaine";"Isola Phi Phi";"Afrikanische Insel";"Isla africana";"Африканский остров";"Afrykańska Wyspa";"Africký ostrov";"Afrika adası";"披\t披\t群\t岛";"アフリカの\t島";"Ilha Africana";"Африканський острів";"Afričko Ostrvo";"Afrikai szigetcsoport";"아프리카의 섬";"Афрыканскі востраў";"Insula Phi Phi";"披\t披\t群\t島";"秘\t密\t基\t地";"Hòn đảo Châu Phi";;
"location/arcade_alps";"Alpine Meadows";"Alpages";"Vette Alpine";"Alpenwiesen";"Praderas Alpinas";"Альпийские луга";"Alpejskie łąki";"Alpské louky";"Alp Dağları";"阿\t尔\t卑\t斯\t牧\t场";"高山草原";"Alpine Meadows";"Альпійські луки";"Alpske livade";"Alpesi rétek";"알프스 초원";"Альпійскія лугі";"Pajiști alpine";"阿\t爾\t卑\t斯\t牧\t場";"草\t甸\t牧\t场";"Alpine Meadows";;
"location/guam";"Guam";"Guam";"Guam";"Guam";"Guam";"Гуам";"Guam";"Guam";"Guam";"关\t岛";"グアム";"Guam";"Гуам";"Guam";"Guam";"괌";"Гуам";"Guam";"關\t島";"决\t胜\t跳\t板";"Guam";;
"location/saipan";"Saipan";"Saipan";"Saipan";"Saipan";"Saipán";"Сайпан";"Sajpan";"Saipan";"Saipan";"塞\t班\t岛";"サイパン";"Saipan";"Сайпан";"Saipan";"Szaipan";"사이판";"Сайпан";"Saipan";"塞\t班\t島";"椰\t风\t岛";"Saipan";;
"location/iwo_jima";"Iwo Jima";"Iwo Jima";"Iwo Jima";"Iwo Jima";"Iwo Jima";"Иводзима";"Iwo Jima";"Iwodžima";"Iwo Jima";"硫\t磺\t岛";"硫黄島";"Iwo Jima";"Іводзіма";"Ivo Džima";"Ivo Dzsima";"이오지마";"Івадзіма";"Iwo Jima";"硫\t磺\t島";"绝\t命\t岛";"Iwo Jima";;
"location/philippine_sea";"Philippine Sea";"Mer des Philippines";"Mare delle Filippine";"Philippinensee";"Mar de Filipinas";"Филиппинское море";"Morze Filipińskie";"Filipínské moře";"Filipin Denizi";"菲\t律\t宾\t海";"フィリピン\t沖";"Mar das Filipinas";"Філіппінське море";"Filipinsko More";"Filippínó-tenger";"필리핀 해";"Філіпінскае мора";"Marea Filipinelor";"菲\t律\t賓\t海";"炽\t热\t海\t洋";"Biển Philippine";;
"location/korea";"Korea";"Corée";"Corea del Nord";"Korea";"Corea";"Корея";"Korea";"Korea";"Kore";"朝\t鲜";"韓国";"Coreia";"Корея";"Koreja";"Korea";"춘천";"Карэя";"Corea";"朝\t鮮";"北\t方\t半\t岛";"Hàn Quốc";;
"location/mozdok";"Mozdok";"Mozdok";"Mozdok";"Mozdok";"Mozdok";"Моздок";"Mozdok";"Mozdok";"Mozdok";"莫\t兹\t多\t克";"モズドク";"Mozdok";"Моздок";"Mozdok";"Mozdok";"모즈도크";"Маздок";"Mozdok";"莫\t茲\t多\t克";"莫\t兹\t多\t克";"Mozdok";;
"location/mozdok_winter";"Winter Mozdok";"Mozdok - Hiver";"Mozdok Invernale";"Mozdok im Winter";"Mozdok Invernal";"Зимний Моздок";"Mozdok zimą";"Zimní Terék";"Mozdok Kış";"莫\t兹\t多\t克 • 冬\t季";"冬の\tモズドク";"Mozdok Invernal";"Зимовий Моздок";"Winter Mozdok";"Mozdok (tél)";"겨울 모즈도크";"Зімовы Маздок";"Winter Mozdok";"莫\t茲\t多\t克 • 冬\t季";"莫\t兹\t多\t克 冬\t季";"Mùa đông Mozdok";;
"location/norway";"Norway";"Norvège";"Norvegia";"Norwegen";"Noruega";"Норвегия";"Norwegia";"Norsko";"Norveç";"挪\t威";"ノルウェー";"Noruega";"Норвегія";"Norveška";"Norvégia";"노르웨이";"Нарвегія";"Norvegia";"挪\t威";"挪\t威";"Na Uy";;
"location/khalkhin_gol";"Khalkhin Gol";"Khalkhin Gol";"Khalkhin Gol";"Chalchin Gol";"Jaljin Gol";"Халхин-Гол";"Chałchin-Goł";"Chalchyn Gol";"Khalkhin Gol";"诺\t门\t罕";"ノモンハン";"Khalkhin Gol";"Халхин-Гол";"Halkin Gol";"Halhin-Gol";"할힌골";"Халхін-Гол";"Halhân Gol";"諾\t門\t罕";"诺\t门\t罕";"Khalkhin Gol";;
"location/avg_kursk";"Kursk - tank battle";"Kursk - Bataille de chars";"Kursk - battaglia tra carri armati";"Kursk - Panzerschlacht";"Kursk - batallas de tanques";"Курск - танковое сражение";"Kursk – bitwa pancerna";"Kursk - pozemní bitva";"Kursk - tank savaşı";"库\t尔\t斯\t克 - 陆\t战";"クルスク";"Kursk - batalha de tanques";"Курськ - танкова битва";"Kursk";"Kurszk (harckocsicsata)";"쿠르스크 - 전차전";"Курск — танкавая бітва";"Kursk – luptă tancuri";"庫\t爾\t斯\t克 - 陸\t戰";"库\t尔\t斯\t克 - 陆\t战";"Kursh - trận đấu xe tăng";;
"location/kursk";"Kursk";"Kursk";"Kursk";"Kursk";"Kursk";"Курск";"Kursk";"Kursk";"Kursk";"库\t尔\t斯\t克";"クルスク";"Kursk";"Курськ";"Kursk";"Kurszk";"쿠르스크";"Курск";"Kursk";"庫\t爾\t斯\t克";"库\t尔\t斯\t克";"Kursk";;
"location/air_race_phiphi_islands";"Tropical Island";"Île Tropicale";"Isola Phi Phi [Gara]";"Tropische Insel";"Isla tropical";"Тропический остров";"Tropikalna Wyspa";"Tropický ostrov";"Tropik Ada";"披\t披\t群\t岛";"熱帯の\t島";"Ilha Tropical";"Тропічний острів";"Tropsko ostrvo";"Trópusi sziget";"열대 도서";"Трапічны востраў";"Insulă tropicală";"披\t披\t群\t島";"秘\t密\t基\t地";"Đảo nhiệt đới";;
"location/moscow";"Moscow";"Moscou";"Mosca";"Moskau";"Moscú";"Москва";"Moskwa";"Moskva";"Moskova";"莫\t斯\t科";"モスクワ";"Moscovo";"Москва";"Moskva";"Moszkva";"모스크바";"Масква";"Moscova";"莫\t斯\t科";"莫\t斯\t科";"Moscow";;
"location/avg_eastern_europe";"Eastern Europe";"Europe de l'est";"Europa Orientale";"Osteuropa";"Europa oriental";"Восточная Европа";"Europa Wschodnia";"Východní Evropa";"Doğu Avrupa";"东\t欧";"東欧";"Europa Oriental";"Східна Європа";"Istočna Evropa";"Kelet-Európa";"동유럽";"Усходняя Еўропа";"Europa de Est";"東\t歐";"东\t欧";"Đông Âu";;
"location/avg_poland";"Poland";"Pologne";"Polonia";"Polen";"Polonia";"Польша";"Polska";"Polsko";"Polonya";"波\t兰";"ポーランド";"Polónia";"Польща";"Poljska";"Lengyelország";"폴란드";"Польшча";"Polonia";"波\t蘭";"分\t割\t之\t地";"Ba Lan";;
"location/normandy";"Coast of France";"Littoral Français";"Normandia";"Küste von Frankreich";"Costa de Francia";"Побережье Франции";"Wybrzeże Francji";"Pobřeží Francie";"Fransa Kıyıları";"法\t国\t海\t岸";"フランスの\t海岸";"Costa de França";"Узбережжя Франції";"Obala Francuske";"Franciaország partja";"프랑스 해안";"Узбярэжжа Францыі";"Coasta Franței";"法\t國\t海\t岸";"登\t陆\t场";"Bờ biển Pháp";;
"location/arcade_ireland";"Ireland";"Irlande";"Irlanda";"Irland";"Irlanda";"Ирландия";"Irlandia";"Irsko";"İrlanda";"爱\t尔\t兰";"アイルランド";"Irlanda";"Ірландія";"Irska";"Írország";"아일랜드";"Ірландыя";"Irlanda";"愛\t爾\t蘭";"爱\t尔\t兰";"Ireland";;
"location/avg_mozdok";"Mozdok - tank battle";"Mozdok - bataille de chars";"Mozdok - battaglia tra carri";"Mosdok - Panzerschlacht";"Mozdok - batallas de tanques";"Моздок - танковое сражение";"Mozdok – bitwa pancerna";"Mozdok - pozemní bitva";"Mozdok - tank savaşı";"莫\t兹\t多\t克 - 陆\t战";"モズドク - 戦車戦";"Mozdok - batalha terrestre";"Моздок - танкова битва";"Mozdok - tenkovska bitka";"Mozdok (harckocsicsata)";"모즈도크 - 전차전";"Маздок — танкавая бітва";"Mozdok – luptă tancuri";"莫\t茲\t多\t克 - 陸\t戰";"莫\t兹\t多\t克 - 陆\t战";"Mozdok - trận đấu xe tăng";;
"location/avg_berlin";"Berlin - tank battle";"Berlin - bataille de chars";"Berlino - battaglia tra carri";"Berlin - Panzerschlacht";"Berlín - batallas de tanques";"Берлин - танковое сражение";"Berlin – bitwa pancerna";"Berlín - pozemní bitva";"Berlin - tank savaşı";"柏\t林 - 陆\t战";"ベルリン - 戦車戦";"Berlim - batalha terrestre";"Берлін - танкова битва";"Berlin - tenkovska bitka";"Berlin (harckocsicsata)";"베를린 - 전차전";"Берлін — танкавая бітва";"Berlin – luptă tancuri";"柏\t林 - 陸\t戰";"心\t脏\t地\t带 - 陆\t战";"Berlin - trận đấu xe tăng";;
"location/avg_krymsk";"Kuban - tank battle";"Kuban - bataille de chars";"Kuban - battaglia tra carri";"Kuban - Panzerschlacht";"Kuban - Batallas de tanques";"Кубань - танковое сражение";"Kubań – bitwa pancerna";"Kubáň - pozemní bitva";"Kuban - tank savaşı";"库\t班 - 陆\t战";"クバン - 戦車戦";"Kuban - batalha terrestre";"Кубань - танкова битва";"Kuban - tenkovska bitka";"Kubán (harckocsicsata)";"쿠반 - 전차전";"Кубань — танкавая бітва";"Kuban - luptă tancuri";"庫\t班 - 陸\t戰";"东\t线\t丘\t陵 - 陆\t战";"Kuban - trận đấu xe tăng";;
"location/avg_stalingrad_factory";"Stalingrad - tank battle";"Stalingrad - bataille de chars";"Stalingrado - battaglia tra carri";"Stalingrad - Panzerschlacht";"Stalingrado - batallas de tanques";"Сталинград - танковое сражение";"Stalingrad – bitwa pancerna";"Stalingrad - pozemní bitva";"Stalingrad - tank savaşı";"斯\t大\t林\t格\t勒 - 陆\t战";"スターリングラード - 戦車戦";"Estalinegrado - batalha terrestre";"Сталінград - танкова битва";"Staljingrad - tenkovska bitka";"Sztálingrád (harckocsicsata)";"스탈린그라드 - 전차전";"Сталінград — танкавая бітва";"Stalingrad - luptă tancuri";"史\t達\t林\t格\t勒 - 陸\t戰";"冬\t将\t军 - 陆\t战";"Stalingrad - trận đấu xe tăng";;
"location/avg_rheinland";"Crossing over the Rhine";"Traversée du Rhin";"Attraversamento del Reno";"Überquerung des Rheins";"Cruce del Rin";"Переправа через Рейн";"Forsowanie Renu";"Přechod přes Rýn";"Ren Nehri Geçidi";"莱\t茵\t河\t畔";"ライン\t川を\t超えて";"Travessia sobre o Reno";"Переправа через Рейн";"Prelazak preko Rajne";"Át a Rajnán";"라인 강 도하";"Пераправа цераз Рэйн";"Traversarea Rinului";"萊\t茵\t河\t畔";"莱\t茵\t河\t畔";"Vượt qua sông Rhine";;
"location/avg_volokolamsk";"Volokolamsk";"Volokolamsk";"Volokolamsk";"Wolokolamsk";"Volokolamsk";"Волоколамск";"Wołokołamsk";"Volokolamsk";"Volokolamsk";"沃\t洛\t科\t拉\t姆\t斯\t克";"ヴォロコラムスク";"Volokolamsk";"Волоколамськ";"Volokolamsk";"Volokolamszk";"볼로콜람스크";"Валакаламск";"Volokolamsk";"沃\t洛\t科\t拉\t姆\t斯\t克";"沃\t洛\t科\t拉\t姆\t斯\t克";"Volokolamsk";;
"location/avg_tunisia_desert";"Tunisia";"Tunisie";"Tunisia";"Tunesien";"Túnez";"Тунис";"Tunezja";"Tunisko";"Tunus";"突\t尼\t斯";"チュニジア";"Tunísia";"Туніс";"Tunis";"Tunézia";"튀니지";"Туніс";"Tunisia";"突\t尼\t西\t亞";"荒\t漠\t小\t镇";"Tunisia";;
"location/avg_snow_alps";"Frozen Pass";"Vallée enneigée";"Alpi";"Gefrorener Pass";"Paso congelado";"Ледяной перевал";"Śnieżna Dolina";"Ledový průsmyk";"Donmuş Geçit";"阿\t尔\t卑\t斯 • 冰\t风\t谷";"極寒の\t山道";"Frozen Pass";"Снігова долина";"Zamrznuti prelaz";"Fagyos hágó";"얼어붙은 산길";"Ледзяны перавал";"Trecătoarea înghețată";"阿\t爾\t卑\t斯 • 冰\t風\t谷";"阿\t尔\t卑\t斯 • 冰\t风\t谷";"Thung lũng băng giá";;
"location/avg_africa_desert";"El Alamein";"El Alamein";"El Alamein";"El Alamein";"El Alamein";"Эль-Аламейн";"El Alamein";"El Alamein";"El Alameyn";"阿\t拉\t曼";"エル ・ アラメイン";"El Alamein";"Ель-Аламейн";"El Alamejn";"el-Alamein";"엘 알라메인";"Эль-Аламейн";"El Alamein";"阿\t拉\t曼";"森\t林\t防\t线";"El Alamein";;
"location/avg_finland";"Finland";"Finlande";"Finlandia";"Finnland";"Finlandia";"Финляндия";"Finlandia";"Finsko";"Finlandiya";"芬\t兰";"フィンランド";"Finlândia";"Фінляндія";"Finska";"Finnország";"핀란드";"Фінляндыя";"Finlanda";"芬\t蘭";"冰\t天\t雪\t地";"Phần Lan";;
"location/avg_iberian_castle";"Iberian Castle";"Château ibérique";"Castello Iberico";"Iberische Burg";"Castillo Ibérico";"Иберийская крепость";"Iberyjski zamek";"Pyrenejský hrad";"İber Kalesi";"伊\t比\t利\t亚\t古\t堡";"イベリアの\t城";"Castelo Ibérico";"Іберійська фортеця";"Iberian Castle";"Ibériai kastély";"이베리아 성";"Іберыйская крэпасць";"Iberian Castle";"伊\t比\t利\t亞\t城\t堡";"Iberian Castle";"Lâu đài Iberian ";;
"location/avg_normandy";"Normandy";"Normandie";"Normandia";"Normandie";"Normandía";"Нормандия";"Normandia";"Normandie";"Normandiya";"诺\t曼\t底";"ノルマンディー";"Normandia";"Нормандія";"Normandija";"Normandia";"노르망디";"Нармандыя";"Normandia";"諾\t曼\t第";"登\t陆\t场";"Normandy";;
"location/avg_hurtgen";"Hürtgen Forest";"Forêt de Hürtgen";"Foresta di Hürtgen";"Hürtgenwald";"Bosque de Hürtgen";"Хюртгенский лес";"Las Hürtgen";"Hürtgenský les";"Hürtgen Ormanı";"许\t特\t根\t森\t林";"ヒュルトゲンの\t森";"Hürtgen Forest";"Ліс Гюртген";"Hurtgen Šuma";"Hürtgeni erdő";"휘르트겐 숲";"Бітва за Гюртґенвальд";"Pădurea Hürtgen";"許\t特\t根\t森\t林";"许\t特\t根\t森\t林";"Rừng Hürtgen";;
"location/avg_korea_lake";"The 38th parallel";"Le 38ème parallèle";"Il 38° Parallelo";"38. Breitengrad";"El paralelo 38";"38-я параллель";"38 równoleżnik";"38. rovnoběžka";"38. Paralel";"朝\t鲜 • 三\t八\t线";"38度線";"O Paralelo 38º";"38-ма паралель";"38. paralela";"38. szélességi fok";"38선";"38-я паралель";"Paralela 38";"朝\t鮮 • 三\t八\t線";"分\t界\t线";"Vĩ tuyến 38";;
"location/avg_karelia_forest_a";"Karelia";"Karelia";"Karelia";"Karelien";"Karelia";"Карелия";"Karelia";"Karélie";"Karelya";"卡\t累\t利\t阿";"カレリア";"Carélia";"Карелія";"Karelija";"Karélia";"카렐리야";"Карэлія";"Karelia";"卡\t瑞\t利\t亞";"卡\t累\t利\t阿";"Karelia";;
"location/avg_karpaty_passage";"Carpathians";"Carpates";"Carpazi";"Karpaten";"Cárpatos";"Карпаты";"Karpaty";"Karpaty";"Karpatlar";"喀\t尔\t巴\t阡\t山";"カルパティア\t山脈";"Cárpatos";"Карпати";"Karpati";"Kárpátok";"카르파티아 산맥";"Карпаты";"Carpați";"喀\t爾\t巴\t阡\t山";"喀\t尔\t巴\t阡\t山";"Carpathians";;
"location/avg_abandoned_factory";"Abandoned Factory";"Usine désaffectée";"Fabbrica Abbandonata";"Verlassene Fabrik";"Fábrica abandonada";"Заброшенный Завод";"Opuszczona fabryka";"Opuštěná továrna";"Terk Edilmiş Fabrika";"废\t弃\t工\t厂";"廃工場";"Abandoned Factory";"Покинутий Завод";"Napuštena Fabrika";"Elhagyatott gyártelep";"버려진 공장";"Закінуты завод";"Fabrica abandonată";"廢\t棄\t工\t廠";"废\t弃\t工\t厂";"Nhà máy bỏ hoang";;
"location/arcade_africa_seashore";"Deserted Coast";"Littoral africain";"Costa Desertica";"Küste der Wüste";"Costa desierta";"Пустынный берег";"Pustynne Wybrzeże";"Opuštěné pobřeží";"Issız Sahil";"沙\t漠\t海\t岸";"寂れた\t海岸";"Deserted Coast";"Безлюдне узбережжя";"Napuštena Obala";"Sivatagi partvidék";"사막 해안";"Пустыннае ўзбярэжжа";"Coastă deșertică";"沙\t漠\t海\t岸";"沙\t漠\t海\t岸";"Bờ biển sa mạc";;
"location/dover_strait";"Dover Strait";"Détroit de Douvres";"Stretto di Dover";"Straße von Dover";"Estrecho de Dover";"Дуврский пролив";"Cieśnina Kaletańska";"Doverská úžina";"Dover Boğazı";"多\t佛\t海\t峡";"ドーバー\t海峡";"Estreitos de Dover";"Дуврська протока";"Doverski Moreuz";"Doveri-szoros";"도버 해협";"Дуўрскі праліў";"Strâmtoarea Dover";"多\t佛\t海\t峽";"海\t峡\t沿\t岸";"Dãi Dover";;
"location/arcade_rice_terraces";"Rice Terraces";"Rizières en terrasses";"Risaie";"Reisterrassen";"Terrazas de arroz";"Рисовые террасы";"Tarasy ryżowe";"Rýžové terasy";"Pirinç Terasları";"丰\t收\t梯\t田";"棚田";"Rice Terraces";"Рисові тераси";"Pirinčana Polja";"Rizsteraszok";"계단식 논";"Рысавыя палі";"Terase de orez";"豐\t收\t梯\t田";"丰\t收\t梯\t田";"Ruộng Bậc Thang";;
"location/arcade_canyon_snow";"Iron Range";"Iron Range";"Iron Range";"Iron Range";"Planicies de hierro";"Железный хребет";"Żelazny Masyw";"Železné pásmo";"Demir Dağlar";"铁\t矿\t区";"アイアン・レンジ";"Desfiladeiros de Ferro";"Залізний хребет";"Gvozdeni domet";"Iron Range";"철의 산맥";"Жалезны хрыбет";"Câmpul de fier";"鐵\t礦\t區";"铁\t矿\t区";"Iron Range";;
"location/arcade_norway_fjords";"Fjords";"Fjords";"Fiordi";"Fjorde";"Fiordos";"Фьорды";"Fiordy";"Fjordy";"Fiyortlar";"北\t欧\t峡\t湾";"フィヨルド";"Fiordes";"Фйорди";"Fjordovi";"Fjordok";"피요르드";"Фіёрды";"Fiorduri";"北\t歐\t峽\t灣";"北\t欧\t峡\t湾";"Fjords";;
"location/arcade_norway_green";"Green Ridge";"Green Ridge";"Cresta Verde";"Grüner Kamm";"Cumbre Verde";"Зелёный хребет";"Zielona Grań";"Zelený hřeben";"Yeşil Sırtlar";"挪\t威 • 绿\t色\t山\t脊";"グリーン・リッジ";"Green Ridge";"Зелений хребет";"Green Ridge";"Zöld hátság";"푸르른 능선";"Зялёны хрыбет";"Creasta verde";"挪\t威 • 綠\t色\t山\t脊";"绿\t色\t山\t脊";"Green Ridge";;
"location/arcade_norway_plain";"Foothills";"Contreforts";"Pedemontana";"Vorgebirge";"Piedemontes";"Предгорья";"Pogórze";"Podhůří";"Dağ Etekleri";"挪\t威 • 山\t麓";"山麓";"Sopés";"Передгір'я";"Podnožja";"Előhegység";"산기슭";"Перадгор'і";"Platouri";"挪\t威 • 山\t麓";"山\t麓";"Chân đồi";;
"location/arcade_phiphi_crater_rocks";"Pacific Hidden Base";"Base cachée du Pacifique";"Isole Phi Phi";"Versteckte Pazifische Basis";"Base Oculta en el Pacífico";"Тихоокеанская секретная база";"Ukryta baza na Pacyfiku";"Skrytá tichomořská základna";"Pasifik Gizli Üs";"披\t披\t群\t岛 • 秘\t密\t基\t地";"太平洋の\t秘密基地";"Base Secreta no Pacífico";"Тихоокеанська секретна база";"Pacific Hidden Base";"Csendes-óceáni titkos bázis";"태평양 비밀기지";"Ціхаакіянская сакрэтная база";"Bază ascunsă din Pacific";"披\t披\t群\t島 • 秘\t密\t基\t地";"火\t山\t湖";"Căn cứ Bí mật Thái Bình Dương";;
"location/arcade_snow_rocks";"Top of the World";"Toit du monde";"Tibet";"Top of the World";"Cima del Mundo";"Вершина мира";"Na szczycie świata";"Vrchol světa";"Dünyanın Zirvesi";"世\t界\t之\t巅";"世界の\t頂点";"Topo do Mundo";"Вершина світу";"Vrh sveta";"A világ teteje";"세상의 꼭대기";"Вяршыня свету";"Deasupra lumii";"世\t界\t之\t巔";"世\t界\t之\t巅";"Đỉnh của Thế giới";;
"location/arcade_zhang_park";"Grave Robbers' Cliffs";"Falaises des pilleurs de tombes";" Picchi di Zhangjiajie";"Grave Robbers' Klippen";"Acantilados de Ladrones de Tumbas";"Утёсы чёрных копателей";"Klify Hien Cmentarnych";"Pirátské útesy";"Mezar Soyguncuları Kayalıkları";"张\t家\t界\t峭\t壁\t群\t峰";"墓荒らしの\t崖";"Falésias do Ladrão de Túmulos";"Скелі копачів могил";"Grave Robbers' Cliffs";"Sírrablók szirtje";"도굴꾼의 절벽";"Скалы чорных капальнікаў";"Stâncile mormintelor tâlharilor";"張\t家\t界\t峭\t壁\t群\t峰";"峭\t壁\t群\t峰";"Vách núi Grave Robbers";;
"location/avg_european_fortress";"White Rock Fortress";"La Citadelle Blanche";"Fortezza";"Festung am Weißen Felsen";"Fortaleza de Piedra Blanca";"Крепость ""Белая Скала""";"Kamienna Twierdza";"Pevnost Bílý kámen";"Beyaz Kaya Kalesi";"白\t石\t要\t塞";"白岩要塞";"Fortaleza das Rochas Brancas";"Фортеця ""Біла Скеля""";"Tvrđava Bela Stena";"Fehérszikla-erőd";"백암 요새";"Крэпасць «Белая Скала»";"Cetatea Piatra Albă";"白\t石\t要\t塞";"白\t石\t要\t塞";"Pháo đài White Rock";;
"location/avg_guadalcanal";"Guadalcanal - tank battle";"Guadalcanal - bataille de chars";"Guadalcanal - battaglia tra carri";"Guadalcanal - Panzerschlacht";"Guadalcanal - batallas de tanques";"Гуадалканал - танковое сражение";"Guadalcanal – bitwa pancerna";"Guadalcanal - pozemní bitva";"Guadalcanal - tank muharebesi";"瓜\t达\t尔\t卡\t纳\t尔\t岛 - 陆\t战";"ガダルカナル\t島 - 戦車戦";"Guadalcanal - batalha terrestre";"Гуадалканал - танкова битва";"Gvadalkanal - tenkovska bitka";"Guadalcanal (harckocsicsata)";"과달카날 전차전";"Гуадалканал — танкавая бітва";"Guadalcanal – luptă tancuri";"瓜\t達\t爾\t卡\t納\t爾\t島 - 陸\t戰";"热\t带\t岛\t屿 - 陆\t战";"Guadalcanal - trận đấu xe tăng";;
"location/avg_ireland";"Ash River";"Rivière de cendres";"Irlanda";"Aschefluss";"Río de ceniza";"Пепельная река";"Rzeka Popiołu";"Popelavá řeka";"Kül Nehri";"爱\t尔\t兰 • 灰\t烬\t之\t川";"灰の\t川";"Ash River";"Попеляста річка";"Reka Eš";"Kiszáradt folyó";"애쉬 리버";"Попелавая рака";"Râul de cenușă (Irlanda)";"愛\t爾\t蘭 • 灰\t燼\t之\t川";"灰\t烬\t之\t川";"Dòng sông Tro bụi";;
"location/avg_port_novorossiysk";"Novorossiysk";"Novorossiysk";"Novorossiysk";"Noworossijsk";"Novorossiysk";"Новороссийск";"Noworosyjsk";"Novorossijsk";"Novorossiysk";"新\t罗\t西\t斯\t克";"ノヴォロシースク\t港";"Novorossiysk";"Новоросійськ";"Novorosijsk";"Novorosszijszk";"노보로시스크";"Новарасійск";"Novorossiisk";"新\t羅\t西\t斯\t克";"钢\t铁\t之\t城";"Novorossiysk";;
"location/avg_training_ground";"Shooting Range";"Stand de tir";"Poligono";"Schießstand";"Campo de tiro";"Стрельбище";"Strzelnica";"Střelnice";"Atış Menzili";"靶\t场";"射程";"Campo de tiro";"Стрільбище";"Test Poligon";"Lőtér";"사격장";"Стрэльбішча";"Poligon de trageri";"靶\t場";"靶\t场";"Trường bắn";;
"location/caribbean_islands";"Caribbean Islands";"Îles des Caraïbes";"Isole Caraibiche";"Karibische Inseln";"Islas del Caribe";"Карибские острова";"Karaiby";"Karibské ostrovy";"Karayip Adaları";"加\t勒\t比\t群\t岛";"カリブ\t海諸島";"Ilhas Caraíbas ";"Карибські острови";"Karipska Ostrva";"Karib-térség";"카리브 제도";"Карыбскія астравы";"Insulele Caraibe";"加\t勒\t比\t群\t島";"侠\t盗\t群\t岛";"Đảo Caribbean";;
"location/hangar_airfield_2014";"Military Airfield";"Aéroport militaire";"Aeroporto Militare";"Militärisches Flugfeld";"Aeródromo militar";"Военный аэродром";"Lotnisko Wojskowe";"Vojenské letiště";"Askeri Havaalanı";"军\t事\t机\t场";"軍飛行場";"Aeródromo Militar";"Військовий аеродром";"Vojna Pista";"Katonai repülőtér";"군 비행장";"Ваенны аэрадром";"Aeroport militar";"軍\t用\t機\t場";"军\t事\t机\t场";"Sân bay quân sự";;
"location/hangar_military_base";"Military Base";"Base militaire";"Base Militare";"Militärbasis";"Base militar";"Военная база";"Baza Wojskowa";"Vojenská základna";"Askeri Üs";"军\t事\t基\t地";"軍事基地";"Base Militar";"Військова база";"Vojna Baza";"Katonai bázis";"군 기지";"Ваенная база";"Bază militară";"軍\t事\t基\t地";"军\t事\t基\t地";"Căn cứ quân sự";;
"location/hangar_military_base_ny";"Military Base 2017";"Base Militaire 2017";"Base Militare 2017";"Militärbasis 2017";"Base militar 2017";"Военная база 2017";"Baza wojskowa 2017";"Vojenská základna 2017";"Askeri Üs 2017";"军\t事\t基\t地\t（2017 新\t年）";"軍事基地 2017";"Base militar 2017";"Військова база 2017";"Vojna Baza 2017";"2017-es katonai bázis";"군 기지 2017";"Ваенная база 2017";"Bază militară 2017";"軍\t事\t基\t地\t（2017 新\t年）";"军\t事\t基\t地\t（2017 新\t年）";"Căn cứ quân sự 2017";;
"location/spain";"Spain";"Espagne";"Spagna";"Spanien";"España";"Испания";"Hiszpania";"Španělsko";"İspanya";"西\t班\t牙";"スペイン";"Espanha";"Іспанія";"Španija";"Spanyolország";"스페인";"Іспанія";"Spania";"西\t班\t牙";"冲\t突\t起\t点";"Tây Ban Nha";;
"location/zhengzhou";"Zhengzhou";"Zhengzhou";"Zhengzhou";"Zhengzhou";"Zhengzhou";"Чжэнчжоу";"Zhengzhou";"Žengžou";"Zhengzhou";"郑\t州";"鄭州";"Zhengzhou";"Чженчжоу";"Džengdžou";"Csengcsou";"정저우";"Чжэнчжоў";"Zhengzhou";"鄭\t州";"中\t部\t平\t原";"Trịnh Châu";;
"location/avg_ardennes";"Bulge - tank battle";"Ardennes - Bataille de chars";"Ardenne - battaglia tra carri";"Ardennen - Panzerschlacht";"Berlín - batallas de tanques";"Арденны - танковое сражение";"Ardeny – bitwa pancerna";"Ardeny - pozemní bitva";"Bulge - tank savaşı";"突\t出\t部 - 陆\t战";"バルジ - 戦車戦";"Bulge - batalha terrestre";"Арденни - танкова битва";"Bulge - tank battle";"Ardennek (harckocsicsata)";"벌지 - 전차전";"Ардэны — танкавая бітва";"Ardeni – luptă tancuri";"突\t出\t部 - 陸\t戰";"突\t出\t部 - 陆\t战";"Bulge - trận đấu xe tăng";;
"location/avg_fulda";"Fulda Gap";"Trouée de Fulda";"Varco di Fulda";"Lücke von Fulda";"Fulda Gap";"Фульдский коридор";"Przesmyk Fulda";"Údolí Fulda";"Fulda Geçidi";"富\t尔\t达\t缺\t口";"フルダ・ギャップ";"Fulda Gap";"Фульдський прохід";"Fulda Gap";"Fulda-rés";"풀다 계곡";"Фульдскі калідор";"Coridorul Fulda";"富\t爾\t達\t峽\t谷";"富\t尔\t达\t缺\t口";"Kẽ hỡ Fulda";;
"location/avg_japan";"Imperial Gardens";"Jardins impériaux";"Giardini Imperiali";"Kaisergärten";"Jardines imperiales";"Императорские сады";"Cesarski Ogród";"Císařské zahrady";"İmparatorluk Bahçeleri";"日\t本 • 皇\t家\t庭\t园";"インペリアル・ガーデンズ";"Imperial Gardens";"Імператорські сади";"Imperial Gardens";"Császári kertek";"제국의 정원";"Імператарскія сады";"Grădinile Imperiale";"日\t本 • 皇\t家\t庭\t園";"皇\t家\t花\t园";"Khu vườn Hoàng tộc";;
"location/avg_sector_montmedy";"Maginot Line";"Ligne Maginot";"Linea Maginot";"Maginot-Linie";"Línea Maginot";"Линия Мажино";"Linia Maginota";"Maginotova linie";"Maginot Hattı";"马\t其\t诺\t防\t线";"マジノ\t線";"Linha Maginot";"Лінія Мажино";"Maginot Line";"Maginot-vonal";"마지노 선";"Лінія Мажыно";"Linia Maginot";"馬\t奇\t諾\t防\t線";"马\t其\t诺\t防\t线";"Dãy Maginot";;
"location/avg_lazzaro_italy";"Italy";"Italie";"Cava de' Tirreni";"Italien";"Italia";"Италия";"Włochy";"Itálie";"İtalya";"意\t大\t利";"イタリア";"Itália";"Італія";"Italija";"Olaszország";"이탈리아";"Італія";"Italia";"義\t大\t利";"艺\t术\t之\t都";"Ý";;
"location/avg_american_valley";"American Desert";"Désert américain";"Deserto Americano";"Amerikanische Wüste";"Desierto de América";"Американская пустыня";"Amerykańska pustynia";"Americká poušť";"Amerikan Çölü";"美\t国 • 沙\t漠\t之\t城";"アメリカの\t砂漠";"Deserto americano";"Американська пустеля";"Američka pustinja";"Amerikai sivatag";"아메리칸 데저트";"Амерыканская пустыня";"Deșert american";"美\t國 • 沙\t漠\t之\t城";"沙\t漠\t城\t镇";"Sa mạc Hoa kỳ";;
"location/avg_alaska_town";"Alaska Town";"Alaska";"Cittadina dell'Alaska";"Alaska Stadt";"Pueblo de Alaska";"Аляска";"Miasto na Alasce";"Aljašské město";"Alaska Kasabası";"阿\t拉\t斯\t加 • 都\t市\t丛\t林";"アラスカの\t町";"Vila no Alasca";"Аляска";"Alaska Town";"Alaszkai város";"알래스카 타운";"Аляска";"Oraș din Alaska";"阿\t拉\t斯\t加 • 都\t市\t叢\t林";"丛\t林\t都\t市";"Thị trấn Alaska";;
"location/air_vietnam";"Vietnam";"Viêtnam";"Vietnam";"Vietnam";"Vietnam";"Вьетнам";"Wietnam";"Vietnam";"Vietnam";"越\t南";"ベトナム";"Vietname";"В'єтнам";"Vijetnam";"Vietnám";"베트남";"В'етнам";"Vietnam";"越\t南";"南\t部\t丛\t林";"Việt Nam";;
"location/avg_vietnam_hills";"Vietnam Hills";"Collines vietnamiennes";"Colline del Vietnam";"Vietnam Hügel";"Colinas de Vietnam";"Вьетнамские холмы";"Wietnamskie wzgórza";"Kopce Vietnamu";"Vietnam Dağları";"越\t南 • 高\t地";"ベトナムの\t山地";"Colinas do Vietnã";"В'єтнамські пагорби";"Vietnam Hills";"Vietnámi dombok";"베트남 힐스";"В'етнамскія пагоркі";"Dealuri în Vietnam";"越\t南 • 高\t地";"南\t部\t丛\t林\t• 高\t地";"Đồi Việt Nam";;
"location/avg_egypt_sinai";"Sinai";"Sinaï";"Sinai";"Sinai";"Sinaí";"Синай";"Synaj";"Sinaj";"Sina";"西\t奈\t半\t岛";"シナイ\t半島";"Sinai";"Синай";"Sinaj";"Sínai-félsziget";"시나이";"Сінай";"Sinai";"西\t奈\t半\t島";"荒\t漠\t炼\t油\t场";"Sinai";;
"location/avg_syria";"Middle East";"Moyen Orient";"Medio Oriente";"Naher Osten";"Medio Oriente";"Ближний Восток";"Bliski Wschód";"Střední východ";"Orta Doğu";"中\t东";"中東";"Médio Oriente";"Середній Схід";"Bliski Istok";"Közel-Kelet";"중동";"Блізкі Усход";"Orientul Mijlociu";"中\t東";"油\t田";"Trung Đông";;
"location/air_ladoga";"Ladoga";"Ladoga";"Ladoga";"Ladoga";"Ladoga";"Ладога";"Ładoga";"Ladožské jezero";"Ladoga";"拉\t多\t加";"ラドガ";"Ladoga";"Ладога";"Ladoga";"Ladoga-tó";"라도가";"Ладага";"Ladoga";"拉\t多\t加";"风\t光\t湖\t畔";"Lagoda";;
"location/air_afghan";"Afghanistan";"Afghanistan";"Afganistan";"Afghanistan";"Afganistán";"Афганистан";"Afganistan";"Afghánistán";"Afganistan";"阿\t富\t汗";"アフガニスタン";"Afeganistão";"Афганістан";"Avganistan";"Afganisztán";"아프가니스탄";"Афганістан";"Afganistan";"阿\t富\t汗";"狂\t野\t战\t区";"Afghanistan";;
"location/avn_fiji";"Fiji";"Fidji";"Figi";"Fidschi";"Fiyi";"Фиджи";"Fidżi";"Fidži";"Fiji";"斐\t济";"フィジー";"Fiji";"Фіджі";"Fidži";"Fidzsi-szigetek";"피지";"Фіджы";"Fiji";"斐\t濟";"绿\t色\t海\t域";"Fiji";;
"location/avn_alps_fjord";"Green Mountains Gulf";"Golfe des montagnes vertes";"Golfo delle Montagne Verdi";"Golf der grünen Berge";"Golfo de montañas verdes";"Зелёный залив";"Zatoka w zielonych górach";"Záliv Green Mountains";"Yeşil Dağlar Körfezi";"阿\t尔\t卑\t斯 • 翠\t绿\t山\t谷";"グリーンマウンテン\t湾";"Golfo das Montanhas Verdes";"Зелена затока";"Green mountains gulf";"Zöldhegyi öböl";"푸른 산맥 만";"Зялёны заліў";"Golful munților verzi";"阿\t爾\t卑\t斯 • 翠\t綠\t山\t谷";" 翠\t绿\t山\t谷";"Vịnh Green Mountain";;
"location/arcade_mediterranean";"Greece";"Grèce";"Grecia";"Griechenland";"Grecia";"Греция";"Grecja";"Řecko";"Yunanistan";"希\t腊";"ギリシャ";"Grécia";"Греція";"Grčka";"Görögország";"그리스";"Грэцыя";"Grecia";"希\t臘";"神\t话\t之\t地";"Hy Lạp";;
"location/avn_volcanic_island";"Volcanic Island";"Île volcanique";"Isola Vulcanica";"Vulkanische Inseln";"Isla volcánica";"Вулканический остров";"Wyspa wulkaniczna";"Sopečný ostrov";"Volkanik Ada";"火\t山\t岛";"火山島";"Ilha Vulcânica";"Вулканічний острів";"Vulkansko ostrvo";"Vulkanikus sziget";"화산섬";"Вулканічны востраў";"Insulă vulcanică";"火\t山\t岛";"火\t山\t岛";"Đảo núi lửa";;
"location/avg_container_port";"Cargo Port";"Port de commerce";"Porto Merci";"Frachthafen";"Puerto de carga";"Морской терминал";"Port przeładunkowy";"Nákladní přístav";"Kargo Limanı";"货\t运\t港\t口";"貨物港";"Porto de carga";"Морський термінал";"Teretna luka";"Teherkikötő";"카고 포트";"Грузавы порт";"Port mărfuri";"貨\t運\t港\t口";"货\t运\t港\t口";"Bến cảng";;
"location/avn_peleliu";"Palau Islands";"Les îles Palaos";"Isole Palau";"Palauische Inseln";"Islas Palaos";"Острова Палау";"Wyspy Palau";"Ostrovy Palau";"Palau Adaları";"帕\t劳\t群\t岛";"パラオ\t諸島";"Ilhas Palau";"Острови Палау";"Ostrva Palau";"Palau szigetek";"팔라우 제도";"Астравы Палаў";"Insulele Palau";"帕\t勞\t群\t島";"群\t岛";"Đảo Palau";;
"location/avn_japan";"Japanese Port";"Port Japonais";"Porto Giapponese";"Japanischer Hafen";"Puerto Japonés";"Японский порт";"Japoński port";"Japonský přístav";"Japon Limanı";"日\t本 • 横\t滨\t港";"日本の\t港";"Porto japonês";"Японський порт";"Japanska luka";"Japán kikötő";"일본 항구";"Японскі порт";"Port Japonez";"日\t本 • 橫\t濱\t港";"军\t港";"Bến cảng Nhật bản";;
"location/avn_south_africa";"South Africa";"Afrique du Sud";"Sud Africa";"Südafrika";"Sudáfrica";"Южная Африка";"Południowa Afryka";"Jižní Afrika";"Güney Afrika";"南\t非";"南\tアフリカ";"África do Sul";"Південна Африка";"Južna Afrika";"Dél-Afrika";"남아프리카";"Паўднёвая Афрыка";"South Africa";"南\t非";"彩\t虹\t之\t国";"Nam Phi";;
"location/avn_new_zeland_cape";"New Zealand Cape";"Cap néo-zélandais";"Capo di Nuova Zelanda";"Neuseeländisches Kap";"Cabo de Nueva Zelanda";"Новозеландский мыс";"Przylądek w Nowej Zelandii";"Novozélandský mys";"Yeni Zelanda Burnu";"新\t西\t兰 • 纷\t争\t海\t角";"ニュージーランド\t岬";"Cabo neozelandês";"Новозеландський мис";"Novozelandski rt";"Új-Zéland partjai";"뉴질랜드 곶";"Новазеландскі мыс";"New Zealand cape";"新\t西\t蘭 • 紛\t爭\t海\t角";"纷\t争\t海\t角";"Mũi New Zealand";;
"location/avn_finland_islands";"South Kvarken";"Sud Kvarken";"Kvarken Sud";"Süd-Kvarken";"Kvarken Sur";"Южный Кваркен";"Kvarken Południowy";"Jižní Kvarken";"Güney Kvarken";"南\t克\t瓦\t尔\t肯\t海\t峡";"南\tクヴァルケン";"Kvarken do Sul";"Південний Кваркен";"Južni Kvarken";"Dél-Kvarken";"남 크바르켄";"Паўднёвы Кваркен";"South Kvarken";"南\t克\t瓦\t爾\t肯\t海\t峽";"焦\t点\t海\t峡";"Nam Kvarken";;
"location/avg_sweden";"Sweden";"Suède";"Svezia";"Schweden";"Suecia";"Швеция";"Szwecja";"Švédsko";"İsveç";"瑞\t典";"スウェーデン";"Suécia";"Швеція";"Švedska";"Svédország";"스웨덴";"Швецыя";"Sweden";"瑞\t典";"国\t境\t北\t风";"Thụy Điển";;
"location/air_denmark";"Denmark";"Danemark";"Danimarca";"Dänemark";"Dinamarca";"Дания";"Dania";"Dánsko";"Danimarka";"丹\t麦";"デンマーク";"Dinamarca";"Данія";"Danska";"Dánia";"덴마크";"Данія";"Denmark";"丹\t麥";"丹\t麦";"Đan Mạch";;
"location/air_smolensk";"Smolensk";"Smolensk";"Smolensk";"Smolensk";"Smolensk";"Смоленск";"Smoleńsk";"Smolensk";"Smolensk";"斯\t摩\t棱\t斯\t克";"スモレンスク";"Smolensk";"Смоленськ";"Smolensk";"Szmolenszk";"스몰렌스크";"Смаленск";"Smolensk";"斯\t摩\t棱\t斯\t克";"北\t方\t港\t口";"Smolensk";;
"location/hurtgen";"Hürtgen";"Hürtgen";"Hürtgen";"Hürtgen";"Hürtgen";"Хюртген";"Hürtgen";"Hürtgen";"Hürtgen";"许\t特\t根\t森\t林";"ヒュルトゲン";"Hürtgen";"Гюртген";"Hurtgen";"Hürtgen";"휘르트겐";"Гюртген";"Hürtgen";"許\t特\t根\t森\t林";"许\t特\t根\t森\t林";"Hürtgen";;
"location/sector_montmedy";"Maginot Line";"Ligne Maginot";"Linea Maginot";"Maginot-Linie";"Línea Maginot";"Линия Мажино";"Linia Maginota";"Maginotova linie";"Maginot Hattı";"马\t其\t诺\t防\t线";"マジノ\t線";"Linha Maginot";"Лінія Мажино";"Maginot Line";"Maginot-vonal";"마지노 선";"Лінія Мажыно";"Maginot Line";"馬\t其\t諾\t防\t線";"马\t其\t诺\t防\t线";"Dãy Maginot";;
"location/tunisia";"Tunisia";"Tunisie";"Tunisia";"Tunesien";"Túnez";"Тунис";"Tunezja";"Tunisko";"Tunus";"突\t尼\t斯";"チュニジア";"Tunísia";"Туніс";"Tunis";"Tunézia";"튀니지";"Туніс";"Tunisia";"突\t尼\t西\t亞";"荒\t漠\t小\t镇";"Tunisia";;
"location/arcade_tabletop_mountain";"Guiana Highlands";"Plateaux de Guyane";"Altopiani della Guiana";"Hochland von Guayana";"Macizo Guayanés";"Гвианское плоскогорье";"Wyżyny Gujany";"Guyanská vysočina";"Guyana Dağları";"圭\t亚\t那\t高\t原";"ギアナ\t高地";"Planalto das Guianas";"Гвіанське плоскогір'я";"Visoravni Gijane";"Guyanai-felföld";"가이아나 고지";"Гвіянскае пласкагор'е";"Guiana Highlands";"圭\t亞\t那\t高\t原";"高\t原";"Cao nguyên Guiana";;
"location/avg_lazzaro_italy_new_city";"Campania";"Campanie";"Campania";"Kalabrien";"Campania";"Кампания";"Kampania";"Kampánie";"Campania";"坎\t帕\t尼\t亚";"カンパニア\t州";"Campânia";"Кампанія";"Campania";"Campania";"캄파니아";"Кампанія";"Campania";"坎\t帕\t尼\t亞";"艺\t术\t庄\t园";"Campania";;
"location/avn_aleutian_islands";"Aleutian Islands";"Îles Aléoutiennes";"Isole Aleutine";"Aleuten";"Islas Aleutianas";"Алеутские острова";"Aleuty";"Aleutské ostrovy";"Aleut Adaları";"阿\t留\t申\t群\t岛";"アリューシャン\t列島";"Ilhas Aleutas";"Алеутські острови";"Aleutska ostrva";"Aleut szigetek";"알류샨 열도";"Алеўцкія астравы";"Aleutian islands";"阿\t留\t申\t群\t島";"阿\t留\t申\t群\t岛";"Đảo Aleutian";;
"location/avg_kursk_villages";"Fire Arc";"Prokhorovka";"Arco di Fuoco";"Feuerbogen
";"Arco de fuego";"Огненная дуга";"Płomienny Łuk";"Palebná výseč";"Ateş Çemberi";"库\t尔\t斯\t克 • 炽\t烈\t之\t径";"ファイアーアーク";"Arco de fogo
";"Вогняна дуга";"Fire Arc";"Tűzvonal";"파이어 아크";"Вогненная дуга";"Fire Arc";"庫\t爾\t斯\t克 • 熾\t烈\t之\t徑";"Fire Arc";"Fire Arc";;
"location/air_skyscraper_city";"City";"Ville";"Città";"Stadt";"Ciudad";"Мегаполис";"Miasto";"Město";"Şehir";"大\t都\t会";"都市";"Cidade";"Мегаполіс";"Grad";"Város";"도시";"Мегаполіс";"City";"大\t都\t會";"城\t市";"Thành phố";;
"location/avg_nuclear_incident";"Ground Zero";"Ground Zero";"Ground Zero";"Ground Zero";"Zona cero";"Эпицентр";"Strefa zero";"Ground Zero";"Sıfır Noktası";"阿\t拉\t斯\t加 • 核\t爆\t原\t点";"グラウンド・ゼロ";"Ground zero";"Епіцентр";"Ground zero";"Epicentrum";"그라운드 제로";"Эпіцэнтр";"Ground zero";"原\t爆\t點";"地\t表·零";"Vùng số 0";;
"location/avg_soviet_suburban";"Seversk-13";"Seversk-13";"Seversk-13";"Seversk-13";"Seversk-13";"Северск-13";"Siewiersk-13";"Seversk-13";"Seversk-13";"谢\t韦\t尔\t斯\t克\t-13";"セヴェルスク-13";"Seversk-13";"Сіверськ-13";"Seversk-13";"Szeverszk-13";"세베르스크-13";"Северск-13";"Seversk-13";"謝\t爾\t韋\t斯\t特\t-13";"谢\t韦\t尔\t斯\t克\t-13\t区";"Seversk-13";;
"location/avg_western_europe";"Spaceport";"Cosmodrome";"Porto Spaziale";"Weltraumhafen";"Cosmódromo";"Космодром";"Kosmodrom";"Kosmodrom";"Uzay Üssü";"航\t天\t港";"発射施設";"Cosmódromo";"Космодром";"Spaceport";"Űrkikötő";"우주 공항";"Касмадром";"Spaceport";"太\t空\t港";"Spaceport";"Cổng không gian";;
"location/arcade_floating_islands";"Floating Islands";"Iles flottantes ";"Isole Fluttuanti";"Schwimmende Inseln";"Islas Flotantes";"Плавучие острова";"Dryfujące wyspy";"Plovoucí ostrovy";"Yüzen Adalar";"浮\t游\t群\t岛";"人工島";"Ilhas Flutuantes";"Плавучі острови";"Floating Islands";"Lebegő szigetek";"떠다니는 군도";"Плывучыя астравы";"Floating Islands";"浮\t游\t群\t島";"Floating Islands";"Đảo nổi";;
"location/avn_sunken_city";"Drowned City";"Ville submergée";"Città Sommersa";"Überflutete Stadt";"Ciudad hundida";"Затонувший город";"Zatopione miasto";"Zaplavené město";"Sular Altında Kalmış Şehir";"沉\t没\t之\t城";"沈んだ\t都市";"Cidade Inundada";"Затонуле місто";"Drowned City";"Elsüllyedt város";"침수된 도시";"Затанулы горад";"Drowned City";"沉\t沒\t之\t城";"Drowned City";"Thành phố Chìm";;
"location/avg_red_desert";"Red Desert";"Désert rouge";"Deserto Rosso";"Rote Wüste";"Desierto rojo";"Красные пески";"Czerwona pustynia";"Rudá poušť";"Kızıl Çöl";"红\t色\t沙\t漠";"赤い\t砂漠";"Deserto Vermelho";"Червоні піски";"Red Desert";"Vörös sivatag";"붉은 사막";"Чырвоная пустыня";"Red Desert";"紅\t色\t沙\t漠";"Red Desert";"Sa mạc Đỏ";;
"location/avg_breslau";"Breslau";"Breslau";"Breslavia";"Breslau";"Breslau";"Бреслау";"Breslau";"Vratislav";"Breslau";"布\t雷\t斯\t劳";"ブレスラウ";"Breslávia";"Вроцлав";"Breslau";"Breslau";"브레슬라우";"Брэслаў";"Breslau";"布\t雷\t斯\t勞";"Breslau";"Breslau";;
"location/firing_range";"Proving Ground";"Terrain d'essai";"Poligono di Tiro";"Testgelände";"Campo de Pruebas";"Полигон";"Poligon";"Zkušební polygon";"Atış Alanı";"训\t练\t基\t地";"実験場";"Campo de Tiros";"Полігон";"Proving Ground";"Lőtér";"성능 시험장";"Палігон";"Proving Ground";"訓\t練\t基\t地";"Proving Ground";"Khu tập bắn";;
"location/avn_northwestern_islands";"Vyborg Bay";"Baie de Vyborg";"Baia di Vyborg";"Bucht von Vyborg";"Bahía de Víborg";"Выборгский залив";"Zatoka Wyborska";"Vyborgský záliv";"Vyborg Körfezi";"维\t堡\t湾";"ヴィボルグ\t湾";"Baía de Vyborg";"Виборзька затока";"Vyborg Bay";"Vyborg öböl";"비보르크 만";"Выбагрскі заліў";"Vyborg Bay";"維\t堡\t灣";"Vyborg Bay";"Vịnh Vyborg";;
"location/air_equatorial_island";"Bourbon Island";"La Réunion";"La Riunione";"Bourbon-Insel";"Isla Borbón";"Остров Бурбон";"Reunion";"Ostrov Bourbon";"Bourbon Adası";"波\t旁\t岛";"ブルボン\t島";"Ilha de Bourbon";"Острів Бурбон";"Bourbon Island";"Bourbon-sziget";"부르봉 섬";"Востраў Бурбон";"Bourbon Island";"波\t旁\t島";"Bourbon Island";"Đảo Bourbon";;
"location/avg_aral_sea";"Aral Sea";"Mer d'Aral";"Lago d'Aral";"Aralsee";"Mar de Aral";"Аральское море";"Jezioro Aralskie";"Aralské moře";"Aral Gölü";"咸\t海";"アラル\t海";"Mar de Aral";"Аральське море";"Aral Sea";"Aral-tó";"아랄 해";"Аральскае мора";"Aral Sea";"鹹\t海";"Aral Sea";"Biển Aral";;
"location/air_israel";"Golan Heights";"Hauteurs de Golan";"Alture del Golan";"Golanhöhen";"Altos del Golán";"Голанские высоты";"Wzgórza Golan";"Golanské výšiny";"Golan Tepeleri";"戈\t兰\t高\t地";"ゴラン\t高原";"Colinas de Golã";"Голанські висоти";"Golan Heights";"Golán-fennsík";"골란 고원";"Галанскія вышыні";"Golan Heights";"戈\t蘭\t高\t地";"Golan Heights";"Cao nguyên Golan";;
"location/avg_israel";"Sun City";"Sun City";"Città del Sole";"Sun City";"Ciudad del Sol";"Солнечный город";"Miasto Słońca";"Sluneční město";"Güneş Şehri";"日\t耀\t之\t城";"サン・シティ";"Cidade do Sol";"Сонячне місто";"Sun City";"Napos város";"선 시티";"Сонечны горад";"Sun City";"太\t陽\t城";"Sun City";"Thành phố Mặt trời";;
"location/avg_abandoned_town";"Abandoned Town";"Ville abandonnée";"Città Abbandonata";"Verlassene Stadt";"Pueblo Abandonado";"Заброшенный город";"Opuszczone miasto";"Opuštěné město";"Terk Edilmiş Şehir";"山\t野\t荒\t城";"廃墟の\t町";"Cidade Abandonada";"Покинуте місто";"Abandoned Town";"Elhagyott város";"버려진 소도시";"Пакінуты горад";"Abandoned Town";"廢\t棄\t小\t鎮";"Abandoned Town";"Thị trấn Bỏ hoang";;
"location/air_south_eastern_city";"Southeastern City";"Ville du Sud-Est";"Città del Sud Est";"Stadt im Südosten";"Ciudad Sudoriental";"Юго-Восточный мегаполис";"Azjatycka metropolia";"Jihovýchodní město";"Güneydoğu Şehri";"东\t南\t渔\t湾";"南東都市";"Cidade do Sudeste";"Південно-Східне місто";"Southeastern City";"Délkeleti város";"사우스이스턴 시티";"Паўднёва-Усходні горад";"Southeastern City";"東\t南\t城";"Southeastern City";"Đông Nam Thành phố";;
"location/avg_northern_india";"Pradesh";"Pradesh";"Uttar Pradesh";"Pradesh";"Pradesh";"Прадеш";"Północne Indie";"Pradéš";"Pradeş";"山\t麓\t之\t邦";"プラデーシュ";"Pradesh";"Прадеш";"Pradesh";"Pradesh";"프라데시";"Прадэш";"Pradesh";"邦\t邦";"Pradesh";"Pradesh";;
"location/avn_san_francisco";"Golden Bay";"Golden Bay";"Baia Dorata";"Golden Bay";"Bahía de Oro";"Золотой залив";"Złota Zatoka";"Zlatý záliv";"Altın Körfez";"黄\t金\t海\t湾";"ゴールデン・ベイ";"Golden Bay
";"Золота затока";"Golden Bay";"Arany-öböl";"골든 베이";"Залаты заліў";"Golden Bay";"黃\t金\t海\t灣";"Golden Bay";"Vịnh Vàng";;
"location/air_grand_canyon";"Rocky Canyon";"Canyon rocailleux ";"Canyon Roccioso";"Rocky Canyon";"Cañón Rocoso";"Скалистый каньон";"Skalisty kanion";"Skalnatý kaňon";"Kayalık Kanyon";"落\t基\t峡\t谷";"ロッキーキャニオン";"Rocky Canyon";"Скелястий каньйон";"Rocky Canyon";"Sziklás kanyon";"로키 캐니언";"Скалісты каньён";"Rocky Canyon";"岩\t石\t峽\t谷";"Rocky Canyon";"Hẻm núi Rocky";;
"location/avg_arctic";"Arctic";"Arctique";"Artico";"Arktis";"Ártico";"Арктика";"Arktyka";"Arktida";"Arktik";"极\t北\t之\t地";"北極";"Ártico";"Арктика";"Arctic";"Sarkvidék";"북극";"Арктыка";"Arctic";"北\t極";"Arctic";"Bắc cực";;
"location/avg_northern_valley";"Golden Quarry";"Carrière Dorée";"Miniera d'Oro";"Goldsteinbruch";"Cantera Dorada";"Золотой карьер";"Kopalnia złota";"Zlatý lom";"Altın Madeni";"黄\t金\t矿\t场";"金鉱採掘場";"Mina de Ouro";"Золотий кар'єр";"Golden Quarry";"Aranybánya";"금광 지대";"Залаты кар'ер";"Golden Quarry";"金\t礦\t場";"Golden Quarry";"Bãi đá Vàng";;
"location/air_pyrenees";"Mountain Valleys";"Pyrénées";"Vallate Montane";"Bergtäler";"Valles Montañosos";"Горные долины";"Górskie Doliny";"Pyreneje";"Dağlık Vadiler";"山\t间\t峡\t谷";"山岳地帯";"Vales Montanhosos";"Гірські долини";"Mountain Valleys";"Hegyek-völgyek";"마운틴 밸리";"Горныя даліны";"Mountain Valleys";"山\t間\t峽\t谷";"Mountain Valleys";"Thung lũng núi";;
"location/avn_franz_josef_land";"Franz Josef Land";"Terre François-Joseph";"Terra di Francesco Giuseppe";"Franz Josef Land";"Tierra de Francisco José";"Земля Франца-Иосифа";"Ziemia Franciszka Józefa";"Země Františka Josefa";"Franz Josef Land";"法\t兰\t士\t约\t瑟\t夫\t地\t群\t岛";"フランツヨシフ\t諸島";"Terra de Franz Josef";"Земля Франца-Йосифа";"Franz Josef Land";"Ferenc József földje";"프란츠 요제프 란트";"Зямля Франца-Іосіфа";"Franz Josef Land";"法\t蘭\t士\t約\t瑟\t夫\t地\t群\t島";"Franz Josef Land";"Vùng đất Franz Josef";;
"location/avg_soviet_range";"Test Site-2271";"Zone d'Essais-2271";"Sito Test-2271";"Test Site-2271";"Sitio de Pruebas-2271";"Испытательный полигон-2271";"Teren testów 2271";"Testovací areál 2271";"Test Site-2271";"2271 号\t测\t试\t基\t地";"2271番試験施設";"Área de Testes - 2271";"Полігон-2271";"Test Site-2271";"2271-es tesztelési helyszín";"2271호 실험 시설";"Выпрабавальны палігон-2271";"Test Site-2271";"2271 號\t測\t試\t基\t地";"Test Site-2271";"Bãi thử nghiệm-2271";;
"location/air_southeastern_cliffs";"Rocky Pillars";"Piliers Rocheux";"Colonne Rocciose";"Rocky Pillars";"Pilares Rocosos";"Скалистые столбы";"Skalne filary";"Skalnaté pilíře";"Rocky Pillars";"擎\t天\t石\t柱";"岩柱群";"Pilares Rochosos";"Скелясті Стовпи";"Rocky Pillars";"Sziklás oszlopok";"로키 필라";"Скалістыя слупы";"Rocky Pillars";"擎\t天\t石\t柱";"Rocky Pillars";"Núi đá";;
"location/avg_vlaanderen";"Flanders";"Flandres";"Fiandre";"Flandern";"Flandes";"Фландрия";"Flanders";"Flandry";"Flanders";"佛\t兰\t德\t斯";"フランドル";"Flandres";"Фландрія";"Flanders";"Flanders";"플랑드르";"Фландрыя";"Flanders";"佛\t蘭\t德\t斯";"Flanders";"Flanders";;
"location/air_kamchatka";"Volcano Valley";"Vallée volcanique";"Vallata del Vulcano";"Volcano Valley";"Valle de los Volcanes";"Долина вулканов";"Dolina Wulkanu";"Sopečné údolí";"Volcano Valley";"焚\t风\t山\t谷";"火山谷";"Volcano Valley";"Долина вулканів";"Volcano Valley";"Volcano Valley";"볼케이노 밸리";"Даліна вулканаў";"Volcano Valley";"火\t山\t谷";"Volcano Valley";"Thung lũng Núi lửa";;
